client_ip,path,timestamp
152.58.59.124,/allBooks,2024-11-29T09:42:05.068958
152.58.59.124,/requests,2024-11-29T09:42:16.455731
152.58.59.124,/response,2024-11-29T09:42:17.550379
152.58.59.124,/response,2024-11-29T09:42:17.924008
152.58.59.124,/response,2024-11-29T09:42:18.307975
152.58.59.124,/response,2024-11-29T09:42:18.687951
152.58.59.124,/response,2024-11-29T09:42:19.038012
152.58.59.124,/response,2024-11-29T09:42:19.410402
152.58.59.124,/response,2024-11-29T09:42:19.782586
152.58.59.124,/response,2024-11-29T09:42:20.154984
152.58.59.124,/response,2024-11-29T09:42:20.526405
152.58.59.124,/response,2024-11-29T09:42:20.897297
152.58.59.124,/response,2024-11-29T09:42:21.390582
152.58.59.124,/response,2024-11-29T09:42:21.698240
152.58.59.124,/response,2024-11-29T09:42:22.020526
152.58.59.124,/response,2024-11-29T09:42:22.323888
152.58.59.124,/response,2024-11-29T09:42:22.678311
152.58.59.124,/response,2024-11-29T09:42:23.051920
152.58.59.124,/response,2024-11-29T09:42:23.425405
152.58.59.124,/response,2024-11-29T09:42:23.796279
152.58.59.124,/requests,2024-11-29T09:42:33.274491
152.58.59.124,/userName,2024-11-29T09:42:33.282199
152.58.59.124,/borrowedBooks,2024-11-29T09:42:38.721364
152.58.59.124,/allBooks,2024-11-29T09:42:44.036853
152.58.59.124,/book,2024-11-29T09:42:54.769255
152.58.59.124,/submit,2024-11-29T09:42:58.454915
152.58.59.124,/cover,2024-11-29T09:43:39.240159
152.58.59.124,/book,2024-11-29T09:43:41.267261
152.58.59.124,/cover,2024-11-29T09:45:05.657876
152.58.59.124,/book,2024-11-29T09:45:17.486147
152.58.59.124,/submit,2024-11-29T09:47:30.346367
152.58.59.124,/allBooks,2024-11-29T09:47:30.885602
152.58.59.124,/userName,2024-11-29T09:47:35.151436
152.58.59.124,/requests,2024-11-29T09:47:35.154129
152.58.59.124,/requests,2024-11-29T09:47:42.875046
152.58.59.124,/userName,2024-11-29T09:47:42.905087
152.58.59.124,/book,2024-11-29T09:47:43.466055
152.58.59.124,/userName,2024-11-29T09:47:46.965111
152.58.59.124,/requests,2024-11-29T09:47:46.967886
152.58.59.124,/userName,2024-11-29T09:47:49.227380
152.58.59.124,/requests,2024-11-29T09:47:49.235746
152.58.59.124,/userName,2024-11-29T09:47:50.571629
152.58.59.124,/requests,2024-11-29T09:47:50.574636
152.58.59.124,/userName,2024-11-29T09:47:53.156551
152.58.59.124,/requests,2024-11-29T09:47:53.159709
152.58.59.124,/userDetails,2024-11-29T09:47:55.631275
152.58.59.124,/ownedBooks,2024-11-29T09:48:09.359065
152.58.59.124,/ownedBooks,2024-11-29T09:48:14.369109
152.58.59.124,/borrowedBooks,2024-11-29T09:48:25.199766
152.58.59.124,/borrowedBooks,2024-11-29T09:48:27.975259
152.58.59.124,/borrowedBooks,2024-11-29T09:48:29.275597
152.58.59.124,/allBooks,2024-11-29T09:48:33.141903
152.58.59.124,/allBooks,2024-11-29T09:48:35.149567
152.58.59.124,/cover,2024-11-29T09:49:24.355330
152.58.59.124,/book,2024-11-29T09:49:26.619428
152.58.59.124,/cover,2024-11-29T09:49:48.417538
152.58.59.124,/book,2024-11-29T09:49:51.921497
152.58.59.124,/allBooks,2024-11-29T09:50:09.056732
152.58.59.124,/allBooks,2024-11-29T09:51:01.654193
152.58.59.124,/allBooks,2024-11-29T09:51:12.366654
